user_id,date,time,URL,category,duration_mins,action_taken,content_type,child_feedback
540,2023-11-01,14:16:45,http://www.gordon.org/categories/postsmain.php,Hate_Speech,59,Content_Filtered,Image,Agree
282,2023-11-05,18:53:13,http://stephens.info/categoriespost.html,Hate_Speech,44,Page_Viewed,Image,Agree
485,2023-10-20,04:17:55,https://www.smith-pearson.com/blog/category/categorieslogin.html,Adult,19,Warning_Issued,Image,Agree
80,2023-11-03,06:13:30,https://www.martin-graham.com/category/list/exploreindex.asp,Discrimination,38,Warning_Issued,Text,Disagree
86,2023-10-18,06:25:17,http://cherry.biz/tag/main/mainterms.php,Adult,6,Content_Filtered,Text,Disagree
49,2023-10-22,22:48:42,http://www.guzman.com/tags/explorehome.htm,Violence,56,Page_Blocked,Image,Disagree
427,2023-10-20,03:25:37,http://www.grant.com/category/list/blogregister.html,Discrimination,35,Page_Viewed,Image,Disagree
44,2023-10-17,20:33:13,https://wall-reed.com/tags/categories/blogprivacy.asp,Online_Predators,19,Page_Blocked,Text,Disagree
359,2023-10-20,04:20:07,https://ferguson-collins.com/search/tagsindex.htm,Discrimination,56,Warning_Issued,Video,Disagree
408,2023-10-18,06:32:45,https://www.castillo.net/tag/explore/postslogin.html,Online_Predators,47,Content_Filtered,Video,Agree
515,2023-11-09,11:03:08,https://www.robinson.com/mainpost.html,Adult,43,Warning_Issued,Image,Disagree
507,2023-10-29,03:30:07,http://dunn.info/tag/postshome.php,Online_Predators,17,Page_Viewed,Text,Disagree
593,2023-10-25,23:54:50,http://hernandez-brandt.com/app/listprivacy.html,Hate_Speech,16,Content_Filtered,Video,Agree
127,2023-11-03,19:25:05,https://www.case.com/category/categoryabout.html,Violence,34,Content_Filtered,Video,Disagree
121,2023-10-18,10:10:02,https://vasquez-dawson.com/categorieshome.php,Discrimination,28,Page_Blocked,Text,Disagree
247,2023-10-20,06:15:44,http://mcintosh.com/category/searchfaq.html,Discrimination,57,Warning_Issued,Video,Disagree
479,2023-11-13,00:06:59,http://whitehead.net/search/postsauthor.html,Violence,4,Page_Viewed,Video,Disagree
576,2023-10-30,09:02:25,http://sanford.com/posts/explore/bloghome.htm,Discrimination,53,Warning_Issued,Image,Agree
311,2023-11-12,02:22:02,http://www.hernandez.com/search/blog/mainprivacy.htm,Hate_Speech,43,Page_Viewed,Image,Agree
301,2023-11-11,21:10:18,http://www.watts.net/search/tagauthor.php,Discrimination,3,Page_Blocked,Image,Disagree
572,2023-10-24,12:25:59,http://www.bowers.net/categorieshome.html,Violence,11,Page_Viewed,Video,Disagree
490,2023-10-23,01:40:08,http://www.hunter.com/app/wp-content/mainprivacy.php,Adult,40,Page_Blocked,Text,Disagree
524,2023-10-15,14:46:39,https://mcdaniel.org/categories/tagsregister.php,Adult,26,Warning_Issued,Video,Agree
430,2023-10-22,14:37:27,http://miranda.com/categories/list/appterms.php,Adult,53,Warning_Issued,Image,Agree
546,2023-10-15,08:32:38,http://www.cole.net/posts/category/categoriesauthor.asp,Hate_Speech,35,Content_Filtered,Image,Disagree
307,2023-10-21,09:49:04,http://www.smith.biz/search/app/explorehome.html,Violence,25,Page_Viewed,Image,Disagree
479,2023-11-10,04:55:01,https://thomas.com/tag/blogindex.htm,Adult,49,Page_Blocked,Video,Agree
92,2023-11-03,23:15:09,https://powell.com/tagsabout.jsp,Discrimination,55,Warning_Issued,Video,Disagree
242,2023-10-25,22:20:53,https://www.watson.com/mainprivacy.htm,Discrimination,51,Page_Viewed,Image,Agree
96,2023-11-13,00:18:22,http://www.salazar.com/posts/tag/mainsearch.htm,Violence,12,Page_Blocked,Video,Disagree
260,2023-10-20,17:07:50,http://perez.info/searchabout.php,Hate_Speech,12,Warning_Issued,Video,Agree
562,2023-11-06,21:45:02,https://carrillo-davis.net/list/blog/tagpost.htm,Adult,30,Warning_Issued,Text,Disagree
354,2023-10-17,08:51:50,http://www.martinez.org/postsindex.php,Online_Predators,30,Content_Filtered,Video,Disagree
154,2023-11-03,01:59:04,http://www.mcbride-espinoza.info/list/tag/tagsprivacy.php,Adult,58,Warning_Issued,Text,Agree
413,2023-11-07,13:12:05,http://www.jones-thomas.com/mainindex.htm,Hate_Speech,2,Page_Viewed,Text,Disagree
289,2023-10-24,17:22:55,http://davies-york.biz/wp-content/blog/wp-contentlogin.htm,Violence,56,Content_Filtered,Image,Agree
412,2023-10-15,12:52:56,https://hicks-bryant.com/posts/posts/blogabout.htm,Online_Predators,54,Content_Filtered,Text,Agree
142,2023-10-27,08:33:34,http://fox.com/category/wp-contentterms.html,Online_Predators,19,Page_Blocked,Image,Agree
525,2023-11-09,15:13:27,https://www.mcdonald.net/categories/blogindex.php,Online_Predators,31,Warning_Issued,Text,Disagree
577,2023-11-11,01:47:13,https://chavez.com/tag/searchpost.html,Violence,12,Content_Filtered,Image,Agree
318,2023-11-03,19:51:24,https://www.long.com/categoriesregister.htm,Hate_Speech,49,Warning_Issued,Video,Disagree
167,2023-10-17,19:21:23,http://knight.net/categoriesterms.htm,Discrimination,56,Page_Viewed,Video,Agree
519,2023-10-20,08:22:25,https://lopez.org/main/wp-content/listsearch.asp,Online_Predators,53,Page_Viewed,Text,Agree
50,2023-10-20,04:47:27,https://www.russell.com/app/search/postsauthor.jsp,Online_Predators,2,Warning_Issued,Video,Agree
81,2023-10-17,17:26:17,http://www.parsons-williams.net/app/exploreindex.html,Adult,32,Warning_Issued,Text,Agree
477,2023-10-15,14:42:26,http://tyler.com/tags/blogregister.htm,Online_Predators,41,Page_Blocked,Video,Disagree
247,2023-11-11,06:21:15,http://www.harris.org/categorymain.asp,Discrimination,29,Page_Viewed,Video,Agree
534,2023-11-12,19:33:18,https://spears.com/postsabout.html,Adult,6,Page_Viewed,Text,Agree
359,2023-10-16,06:12:10,http://wilson.org/categories/apppost.php,Adult,53,Page_Viewed,Text,Disagree
387,2023-11-10,04:40:21,https://parrish-castillo.net/postspost.asp,Discrimination,27,Page_Viewed,Image,Agree
400,2023-11-02,03:40:06,https://www.roberts.com/blogfaq.jsp,Discrimination,52,Page_Viewed,Text,Agree
469,2023-10-15,07:40:19,https://faulkner.org/blog/categoriesterms.html,Hate_Speech,25,Warning_Issued,Text,Agree
266,2023-10-28,23:39:32,http://www.bailey.com/listauthor.jsp,Discrimination,19,Page_Viewed,Video,Agree
67,2023-10-24,04:09:51,http://johnson.com/tagsabout.asp,Discrimination,6,Page_Viewed,Image,Disagree
444,2023-11-11,04:23:43,https://www.yates-martin.com/category/blogsearch.php,Online_Predators,22,Warning_Issued,Image,Agree
152,2023-11-12,03:38:01,http://gomez-roach.com/searchlogin.htm,Discrimination,5,Warning_Issued,Video,Disagree
585,2023-10-28,18:07:49,http://www.mcbride.net/exploreindex.html,Online_Predators,26,Page_Blocked,Text,Disagree
38,2023-10-23,02:11:26,http://edwards-frazier.com/listregister.jsp,Discrimination,43,Content_Filtered,Image,Agree
506,2023-10-26,19:49:07,https://atkinson.com/wp-content/wp-contentabout.php,Adult,5,Page_Blocked,Video,Agree
103,2023-10-20,12:30:53,http://jimenez.org/category/list/listauthor.html,Adult,5,Content_Filtered,Text,Disagree
545,2023-10-27,09:44:27,https://huang-cross.net/mainmain.asp,Hate_Speech,45,Page_Viewed,Text,Agree
287,2023-10-22,22:36:03,https://mcdaniel-mitchell.com/list/categoriesauthor.htm,Violence,23,Page_Viewed,Text,Disagree
345,2023-11-03,06:21:00,https://gray.org/category/categoriespost.asp,Violence,10,Warning_Issued,Video,Agree
122,2023-10-20,06:30:45,http://www.rodriguez.biz/appregister.htm,Violence,57,Warning_Issued,Image,Disagree
134,2023-10-15,04:14:39,https://www.wells-perkins.com/explorefaq.php,Hate_Speech,49,Content_Filtered,Video,Agree
390,2023-11-10,14:28:09,http://peters-harris.info/list/categoriesregister.htm,Hate_Speech,15,Page_Blocked,Image,Disagree
449,2023-11-10,15:08:23,https://www.jones.com/explore/main/categorycategory.jsp,Discrimination,18,Content_Filtered,Video,Agree
344,2023-10-26,04:02:08,https://www.gonzalez.com/categoryindex.html,Adult,55,Warning_Issued,Video,Agree
116,2023-11-12,22:59:05,http://www.nguyen.com/main/mainmain.php,Violence,23,Page_Blocked,Video,Disagree
225,2023-10-30,00:06:34,http://www.sosa-taylor.net/wp-content/maincategory.asp,Discrimination,3,Page_Viewed,Image,Agree
542,2023-10-20,22:18:41,http://www.reyes.com/app/search/categoriesabout.asp,Violence,3,Content_Filtered,Text,Agree
485,2023-10-30,22:50:37,https://www.gonzalez-robinson.com/explore/list/listsearch.asp,Hate_Speech,40,Page_Blocked,Video,Agree
140,2023-11-06,04:38:44,http://www.johns-summers.biz/tags/search/appindex.htm,Discrimination,4,Content_Filtered,Text,Agree
387,2023-11-01,05:44:06,https://carey-jones.net/applogin.jsp,Violence,12,Content_Filtered,Text,Disagree
301,2023-11-06,09:11:10,https://www.jefferson.com/tag/tags/tagprivacy.html,Adult,14,Page_Viewed,Text,Disagree
556,2023-11-11,16:44:36,https://www.branch.com/tags/wp-content/tagregister.htm,Hate_Speech,46,Page_Blocked,Image,Disagree
572,2023-11-12,19:01:53,https://garcia.com/wp-content/postshomepage.html,Violence,17,Page_Viewed,Text,Disagree
286,2023-10-29,22:16:10,http://www.madden.com/categories/app/wp-contentmain.html,Hate_Speech,21,Content_Filtered,Video,Disagree
544,2023-11-01,12:42:41,https://perez.com/app/blog/tagprivacy.html,Violence,48,Page_Viewed,Image,Agree
480,2023-11-08,15:51:32,http://anderson.org/categories/categoryauthor.jsp,Online_Predators,45,Warning_Issued,Image,Disagree
453,2023-11-11,17:39:36,http://martinez.info/wp-content/wp-content/tagauthor.htm,Hate_Speech,55,Page_Viewed,Text,Disagree
219,2023-10-19,10:40:17,https://www.lopez.net/tags/blog/listabout.htm,Online_Predators,58,Page_Viewed,Text,Disagree
25,2023-11-10,04:03:27,http://carpenter.net/appfaq.php,Adult,33,Page_Viewed,Image,Agree
578,2023-10-23,13:58:03,http://gutierrez.com/tags/search/maincategory.jsp,Online_Predators,39,Content_Filtered,Video,Disagree
312,2023-10-21,20:30:47,http://zavala.com/wp-contentmain.html,Discrimination,46,Content_Filtered,Video,Agree
453,2023-10-31,05:52:51,http://kelley.net/blogmain.php,Adult,56,Page_Blocked,Image,Disagree
599,2023-11-02,11:49:54,http://ramos.com/search/blog/explorepost.asp,Adult,20,Warning_Issued,Image,Agree
146,2023-10-26,12:19:56,https://www.hamilton.com/list/category/listprivacy.htm,Discrimination,50,Warning_Issued,Video,Agree
123,2023-10-21,10:37:46,http://www.brown.com/explore/explore/wp-contentsearch.asp,Hate_Speech,27,Page_Viewed,Video,Agree
283,2023-10-15,08:44:30,http://www.alvarez.com/blog/posts/wp-contentmain.php,Adult,32,Page_Viewed,Text,Disagree
323,2023-10-26,04:49:53,https://herrera.com/searchregister.htm,Violence,9,Warning_Issued,Image,Disagree
535,2023-10-15,23:45:34,http://www.sanders-levy.com/posts/blog/tagsindex.php,Online_Predators,45,Content_Filtered,Video,Disagree
493,2023-11-01,11:36:47,https://turner.com/search/tags/wp-contentindex.htm,Online_Predators,58,Warning_Issued,Text,Disagree
79,2023-11-02,09:24:36,https://www.sandoval.com/list/tags/explorelogin.html,Violence,19,Page_Viewed,Text,Agree
281,2023-11-01,02:04:07,https://greene.org/exploreprivacy.php,Adult,56,Page_Blocked,Text,Disagree
145,2023-10-30,19:14:42,https://www.clark.com/category/search/searchprivacy.jsp,Violence,47,Page_Viewed,Image,Agree
88,2023-11-04,20:59:08,http://mata.org/explore/searchhome.php,Violence,25,Page_Viewed,Video,Disagree
182,2023-11-12,16:43:46,https://spears.org/main/blogmain.htm,Online_Predators,60,Content_Filtered,Video,Disagree
404,2023-11-05,16:59:10,https://miller.org/explore/categories/listabout.php,Discrimination,34,Warning_Issued,Text,Agree
232,2023-10-28,17:54:08,http://castaneda-medina.biz/tagsmain.asp,Discrimination,38,Content_Filtered,Video,Disagree
549,2023-11-03,12:15:51,https://torres-rivera.com/postsauthor.asp,Online_Predators,6,Warning_Issued,Video,Agree
22,2023-11-07,22:57:19,http://byrd.com/postscategory.htm,Online_Predators,28,Content_Filtered,Image,Disagree
117,2023-11-10,01:28:34,https://www.barnes.org/blog/tag/tagsabout.html,Hate_Speech,42,Content_Filtered,Text,Agree
239,2023-11-08,17:05:45,http://green.com/blog/tagindex.php,Hate_Speech,14,Content_Filtered,Video,Disagree
106,2023-11-13,09:57:56,http://cobb.com/wp-contentauthor.htm,Hate_Speech,8,Warning_Issued,Text,Disagree
535,2023-10-24,15:06:01,http://www.ward-payne.com/explore/searchlogin.asp,Violence,37,Warning_Issued,Image,Disagree
430,2023-10-28,00:48:44,http://www.allen.net/list/mainmain.php,Hate_Speech,48,Page_Viewed,Image,Disagree
442,2023-10-30,21:51:07,https://weeks-velazquez.com/blog/categories/categoriesindex.html,Violence,4,Page_Blocked,Image,Disagree
122,2023-10-23,16:13:33,https://www.foster.org/explore/blog/tagshome.html,Discrimination,52,Content_Filtered,Video,Disagree
15,2023-10-22,19:34:18,http://bryant.net/blog/postslogin.htm,Discrimination,14,Content_Filtered,Image,Agree
420,2023-10-15,01:07:36,https://evans.com/tagabout.php,Adult,55,Page_Blocked,Video,Disagree
402,2023-11-10,15:29:38,https://davis.net/explorefaq.html,Adult,18,Warning_Issued,Text,Disagree
355,2023-11-06,09:13:03,https://www.patel.org/mainmain.jsp,Violence,42,Page_Blocked,Image,Disagree
148,2023-11-11,18:20:39,http://www.tucker.com/explore/posts/categoryabout.htm,Violence,18,Content_Filtered,Image,Agree
439,2023-11-02,03:05:06,https://www.hawkins.com/mainlogin.html,Hate_Speech,50,Warning_Issued,Video,Disagree
238,2023-11-02,16:43:42,http://freeman.net/main/listhome.php,Online_Predators,18,Page_Viewed,Image,Disagree
258,2023-10-17,15:44:05,https://www.mendez.com/categoryterms.jsp,Adult,52,Content_Filtered,Text,Agree
255,2023-10-25,16:44:53,https://reed.com/app/appcategory.php,Hate_Speech,60,Warning_Issued,Image,Disagree
345,2023-10-30,06:37:12,http://www.thomas.info/explore/postsauthor.htm,Hate_Speech,54,Warning_Issued,Image,Disagree
440,2023-10-31,18:03:09,https://hobbs.com/search/blog/exploreindex.jsp,Hate_Speech,39,Content_Filtered,Image,Disagree
15,2023-10-15,04:43:41,http://www.richardson.com/explore/list/mainmain.html,Adult,41,Page_Blocked,Video,Disagree
137,2023-11-01,13:52:51,http://www.rodriguez-miller.biz/tag/posts/searchterms.php,Violence,52,Page_Blocked,Video,Agree
278,2023-10-29,13:00:43,https://www.rodriguez.net/category/tags/maincategory.php,Hate_Speech,21,Content_Filtered,Text,Agree
574,2023-11-11,06:07:21,https://www.jones-knox.com/main/listfaq.php,Online_Predators,43,Page_Viewed,Text,Agree
162,2023-11-04,19:02:30,http://www.mack.com/categories/categories/listmain.php,Violence,54,Content_Filtered,Text,Agree
254,2023-11-12,06:43:46,https://www.clark.net/blog/maincategory.html,Adult,53,Page_Blocked,Video,Disagree
511,2023-10-17,12:26:35,http://www.russell-davis.org/app/main/tagshome.asp,Hate_Speech,1,Content_Filtered,Video,Disagree
416,2023-10-31,08:55:49,https://www.moore.biz/explore/categories/postssearch.html,Online_Predators,7,Content_Filtered,Video,Agree
483,2023-10-28,00:27:42,http://www.pugh.info/categories/explorelogin.html,Online_Predators,27,Page_Blocked,Video,Agree
587,2023-11-13,15:44:54,https://www.bradley-green.com/postsregister.jsp,Hate_Speech,59,Page_Blocked,Image,Agree
172,2023-11-09,04:37:54,http://adams.com/tags/categorysearch.html,Violence,22,Content_Filtered,Video,Agree
162,2023-10-16,07:24:05,http://www.owens-mccullough.biz/posts/tags/wp-contenthome.asp,Online_Predators,11,Page_Blocked,Video,Disagree
68,2023-10-27,15:34:26,https://mcdonald.biz/categories/category/blogsearch.php,Online_Predators,10,Page_Blocked,Video,Agree
199,2023-10-21,08:09:53,https://vazquez.biz/tagterms.jsp,Hate_Speech,34,Page_Blocked,Text,Disagree
35,2023-11-03,01:44:23,https://reyes.com/mainhomepage.html,Online_Predators,14,Warning_Issued,Text,Agree
136,2023-10-22,10:33:20,https://www.salazar.com/explorehomepage.html,Hate_Speech,49,Page_Blocked,Video,Disagree
596,2023-11-06,14:13:19,https://stevens-cisneros.biz/main/tagsfaq.html,Hate_Speech,52,Page_Blocked,Video,Disagree
561,2023-11-07,20:09:06,http://www.oliver-miller.biz/categoriesauthor.php,Adult,41,Page_Viewed,Video,Agree
455,2023-10-26,22:42:54,http://johnson.info/list/app/categoriescategory.asp,Adult,13,Page_Blocked,Video,Agree
146,2023-11-07,22:38:53,http://www.rose-roberts.com/blog/list/tagfaq.asp,Discrimination,29,Warning_Issued,Text,Disagree
20,2023-10-20,16:05:35,https://www.silva.com/search/categoryfaq.php,Violence,37,Page_Viewed,Video,Disagree
99,2023-10-22,09:22:35,http://petty.info/blog/mainhome.jsp,Discrimination,25,Content_Filtered,Image,Agree
309,2023-11-01,21:21:39,https://www.johnson-thomas.com/app/categories/tagsregister.htm,Online_Predators,18,Page_Viewed,Video,Disagree
131,2023-11-08,04:54:19,http://orr.net/categories/postsregister.html,Discrimination,29,Content_Filtered,Image,Disagree
447,2023-10-16,06:46:33,http://www.mclaughlin-ford.com/search/categoriesauthor.html,Adult,43,Page_Viewed,Text,Disagree
119,2023-10-26,20:05:34,http://www.campbell.net/posts/posts/mainpost.htm,Adult,49,Page_Blocked,Text,Agree
311,2023-11-06,17:18:57,https://www.brown.biz/app/tag/blogpost.jsp,Hate_Speech,14,Page_Viewed,Image,Disagree
185,2023-10-22,23:44:53,https://gomez-galloway.com/tags/main/blogregister.html,Online_Predators,45,Warning_Issued,Text,Agree
177,2023-10-31,19:30:18,https://www.anderson-williams.com/category/blogregister.htm,Hate_Speech,49,Content_Filtered,Text,Disagree
293,2023-10-30,07:40:37,https://www.olsen.net/categorypost.htm,Discrimination,28,Warning_Issued,Image,Agree
16,2023-10-23,09:50:27,http://blair.net/blog/categoriesauthor.htm,Online_Predators,46,Warning_Issued,Video,Disagree
462,2023-10-16,02:37:05,https://williamson.com/app/searchsearch.html,Discrimination,37,Page_Blocked,Video,Disagree
189,2023-10-26,11:07:29,http://www.valenzuela.com/categoriesauthor.html,Violence,29,Page_Viewed,Text,Disagree
2,2023-11-09,00:59:09,https://www.roberts.com/wp-contentabout.html,Discrimination,1,Content_Filtered,Text,Agree
371,2023-10-30,03:58:05,https://bates.com/tag/posts/explorecategory.php,Discrimination,21,Warning_Issued,Image,Agree
364,2023-11-07,05:14:44,http://www.shaffer-cook.com/tag/blog/searchpost.htm,Discrimination,14,Page_Viewed,Image,Agree
270,2023-11-11,16:25:37,http://www.ochoa.com/wp-content/categoriesfaq.asp,Online_Predators,60,Page_Blocked,Text,Agree
232,2023-11-04,12:57:58,https://barr.com/wp-content/listterms.jsp,Violence,48,Page_Blocked,Text,Disagree
39,2023-10-22,00:16:03,https://www.bryant.com/blog/apppost.htm,Discrimination,44,Page_Blocked,Image,Agree
74,2023-10-25,19:29:37,http://walker.org/appregister.html,Adult,49,Warning_Issued,Video,Disagree
142,2023-10-21,07:38:13,https://garcia-matthews.com/taghomepage.php,Violence,18,Page_Viewed,Image,Disagree
593,2023-10-30,21:45:58,http://www.barber-castillo.biz/appprivacy.php,Online_Predators,9,Page_Viewed,Image,Disagree
337,2023-11-07,07:26:29,https://cunningham.org/tags/postssearch.php,Discrimination,11,Warning_Issued,Text,Disagree
66,2023-11-02,03:49:20,https://www.lopez.com/posts/explorelogin.htm,Online_Predators,30,Content_Filtered,Text,Agree
106,2023-11-06,10:03:05,https://davis.info/exploreindex.php,Adult,48,Page_Blocked,Video,Disagree
155,2023-10-21,07:08:27,http://goodwin.info/main/explorelogin.jsp,Adult,31,Warning_Issued,Text,Agree
116,2023-10-29,21:16:26,http://sexton-medina.biz/searchregister.asp,Violence,17,Warning_Issued,Text,Disagree
91,2023-10-31,17:10:41,http://www.robinson.com/search/tags/apppost.php,Online_Predators,56,Warning_Issued,Image,Agree
54,2023-11-05,05:35:36,http://reed.com/categorieshome.html,Online_Predators,59,Content_Filtered,Text,Agree
418,2023-11-01,18:15:05,https://jones.biz/posts/tagshomepage.html,Hate_Speech,41,Warning_Issued,Image,Disagree
268,2023-10-16,04:03:15,https://cox.org/mainindex.php,Adult,27,Content_Filtered,Video,Agree
177,2023-11-04,09:34:40,http://burns.com/tags/main/exploreabout.asp,Discrimination,5,Warning_Issued,Image,Agree
108,2023-10-16,09:27:22,https://graham.com/wp-contentregister.php,Adult,46,Warning_Issued,Video,Disagree
10,2023-10-30,14:03:43,https://www.goodwin.org/categorieshome.php,Online_Predators,5,Warning_Issued,Video,Disagree
293,2023-10-20,02:17:38,http://hughes-wood.info/app/wp-contentmain.htm,Violence,14,Page_Blocked,Video,Agree
238,2023-10-24,22:12:09,http://www.perez.com/categoryindex.asp,Violence,39,Content_Filtered,Text,Disagree
153,2023-10-27,18:36:43,https://carter-jones.org/tag/tagauthor.html,Online_Predators,42,Page_Viewed,Video,Disagree
435,2023-11-07,00:56:14,http://www.bender-hunter.net/blogmain.htm,Hate_Speech,2,Page_Blocked,Text,Agree
398,2023-10-15,09:00:47,https://copeland.com/listfaq.htm,Discrimination,4,Page_Blocked,Image,Agree
345,2023-11-03,10:53:48,http://www.watts.com/app/listmain.jsp,Online_Predators,11,Warning_Issued,Image,Disagree
245,2023-11-02,20:02:23,https://wood-diaz.org/tag/postspost.html,Online_Predators,47,Page_Viewed,Video,Disagree
202,2023-10-19,03:38:54,http://www.jackson-harris.net/tags/appterms.htm,Discrimination,9,Content_Filtered,Text,Agree
67,2023-10-16,07:50:29,https://www.cobb.com/posts/app/postspost.htm,Adult,18,Content_Filtered,Image,Agree
258,2023-11-12,09:01:16,https://www.miller.com/search/mainlogin.htm,Online_Predators,33,Page_Viewed,Image,Agree
510,2023-11-01,23:02:56,https://www.collins-johnson.net/blogregister.php,Adult,29,Warning_Issued,Image,Agree
487,2023-11-06,04:47:53,https://www.bates.com/categoriescategory.asp,Violence,56,Page_Blocked,Video,Agree
561,2023-10-18,06:27:11,http://white.com/search/category/wp-contentindex.html,Online_Predators,15,Page_Viewed,Video,Disagree
478,2023-11-06,10:52:23,https://mcdowell.com/search/search/tagscategory.jsp,Violence,16,Page_Blocked,Video,Disagree
569,2023-10-21,08:12:14,http://caldwell-barnett.com/tag/listhome.php,Hate_Speech,16,Warning_Issued,Image,Agree
345,2023-11-01,22:14:34,https://www.walker.com/listprivacy.htm,Discrimination,39,Warning_Issued,Video,Agree
457,2023-11-04,12:26:27,https://www.pearson-miller.com/wp-contentsearch.htm,Violence,41,Content_Filtered,Video,Disagree
462,2023-10-31,12:50:31,https://www.mendoza.com/category/main/searchmain.htm,Adult,30,Page_Viewed,Text,Disagree
278,2023-11-13,05:01:57,http://www.gibbs-turner.info/searchsearch.jsp,Violence,20,Warning_Issued,Video,Disagree
143,2023-11-05,14:58:50,https://www.rubio.info/list/exploreabout.html,Hate_Speech,46,Page_Blocked,Text,Disagree
268,2023-11-03,14:38:17,https://atkinson-garcia.biz/posts/app/appregister.html,Adult,36,Page_Blocked,Image,Agree
517,2023-10-23,11:52:13,https://www.lopez-moreno.info/wp-content/searchfaq.html,Hate_Speech,56,Content_Filtered,Video,Disagree
342,2023-10-22,05:11:46,https://www.gillespie-hull.biz/tags/tags/postssearch.html,Hate_Speech,12,Page_Blocked,Image,Agree
546,2023-11-12,00:00:42,http://www.fry.biz/categoriesauthor.asp,Hate_Speech,50,Page_Viewed,Video,Disagree
184,2023-10-18,21:52:51,http://www.carpenter.com/searchmain.php,Online_Predators,59,Warning_Issued,Video,Disagree
107,2023-10-20,20:49:20,http://snyder-yoder.info/bloglogin.php,Adult,16,Warning_Issued,Image,Disagree
402,2023-10-26,17:19:57,https://www.french.net/posts/tags/listprivacy.htm,Discrimination,48,Warning_Issued,Text,Agree
436,2023-11-04,15:50:02,https://salinas.com/posts/exploreregister.html,Adult,35,Page_Blocked,Image,Disagree
441,2023-10-20,10:46:35,https://sosa.com/categories/posts/wp-contentregister.html,Online_Predators,34,Warning_Issued,Image,Disagree
4,2023-10-24,21:20:38,http://tucker-osborn.com/list/wp-contentcategory.php,Hate_Speech,53,Page_Blocked,Image,Disagree
358,2023-10-20,09:43:27,https://www.jones.biz/posts/tag/apphome.php,Violence,40,Page_Blocked,Image,Agree
588,2023-11-10,06:37:39,https://www.murray-gallagher.com/list/blogauthor.html,Adult,12,Content_Filtered,Image,Disagree
566,2023-11-11,11:37:53,https://summers.com/postshome.asp,Violence,27,Warning_Issued,Video,Disagree
199,2023-11-13,13:11:14,https://www.alvarez-frye.com/posts/main/tagsabout.html,Discrimination,2,Content_Filtered,Video,Disagree
84,2023-10-16,04:38:31,https://woods.net/blog/explore/categoryhomepage.php,Online_Predators,13,Page_Blocked,Text,Disagree
152,2023-11-09,14:26:47,https://suarez.biz/tagsterms.jsp,Discrimination,26,Page_Blocked,Text,Agree
553,2023-11-12,17:01:52,https://ramirez.com/main/searchterms.asp,Adult,3,Page_Blocked,Text,Disagree
566,2023-10-28,11:59:24,http://www.lewis-pace.com/wp-content/searchfaq.html,Hate_Speech,26,Warning_Issued,Text,Agree
21,2023-11-04,21:37:01,https://www.hill.com/app/postshomepage.jsp,Adult,5,Content_Filtered,Text,Agree
593,2023-10-31,14:17:33,http://thomas.info/searchsearch.htm,Online_Predators,37,Warning_Issued,Image,Agree
77,2023-10-25,21:34:05,https://williams.com/explore/postspost.jsp,Hate_Speech,2,Warning_Issued,Video,Agree
488,2023-11-05,03:37:24,http://www.harper.com/main/posts/apphome.php,Online_Predators,10,Page_Blocked,Text,Agree
36,2023-10-28,09:33:49,http://holloway-peters.biz/explore/search/mainabout.html,Violence,6,Page_Blocked,Text,Agree
343,2023-11-11,22:24:22,http://davis-chandler.com/blog/wp-content/apphome.php,Discrimination,52,Content_Filtered,Text,Agree
198,2023-10-16,05:02:01,http://www.crawford.org/wp-contentmain.jsp,Violence,33,Warning_Issued,Image,Disagree
561,2023-10-30,13:53:34,https://scott.com/blog/tagsindex.htm,Online_Predators,23,Content_Filtered,Image,Disagree
578,2023-10-29,13:36:10,http://www.mccarthy-white.com/categories/tagssearch.asp,Hate_Speech,45,Page_Blocked,Video,Disagree
2,2023-11-04,16:52:49,http://thompson-joseph.com/tags/blogauthor.html,Adult,3,Page_Blocked,Image,Disagree
410,2023-10-22,12:54:56,http://www.glover.com/exploreauthor.asp,Online_Predators,6,Content_Filtered,Video,Disagree
143,2023-10-27,23:56:48,http://www.porter-bailey.com/main/app/exploreterms.htm,Adult,27,Page_Blocked,Text,Agree
562,2023-11-01,15:15:15,https://miller.com/main/list/wp-contentabout.php,Discrimination,57,Content_Filtered,Video,Disagree
130,2023-10-31,06:05:03,https://www.ward.com/blog/wp-contentprivacy.html,Violence,48,Content_Filtered,Video,Disagree
368,2023-10-23,22:01:40,http://ritter.net/tagsprivacy.html,Violence,35,Page_Blocked,Text,Disagree
488,2023-10-19,05:20:43,http://kim-green.com/main/tag/exploreauthor.html,Online_Predators,7,Warning_Issued,Text,Disagree
547,2023-10-17,14:35:44,http://reynolds-blankenship.biz/posts/tagsauthor.htm,Hate_Speech,50,Content_Filtered,Image,Agree
248,2023-11-11,21:42:03,http://harper-collins.com/categoriesterms.php,Violence,37,Page_Blocked,Text,Agree
313,2023-11-09,08:36:53,http://www.perez.org/wp-content/main/categoryfaq.php,Hate_Speech,10,Page_Viewed,Video,Agree
537,2023-10-28,03:59:28,https://cochran.com/tag/search/searchpost.php,Adult,9,Warning_Issued,Text,Disagree
30,2023-10-30,10:24:16,https://www.webb.org/tags/wp-contenthomepage.asp,Discrimination,48,Page_Viewed,Text,Agree
226,2023-10-23,16:29:01,http://clayton-walker.org/blog/tags/appmain.html,Hate_Speech,44,Warning_Issued,Image,Disagree
289,2023-11-01,12:05:43,http://case.com/category/search/blogterms.jsp,Discrimination,17,Page_Blocked,Image,Disagree
309,2023-10-17,17:27:39,http://lewis.com/tag/categories/tagmain.html,Violence,10,Page_Blocked,Video,Disagree
543,2023-11-06,20:25:38,https://www.murphy.info/main/listcategory.html,Hate_Speech,37,Page_Blocked,Image,Disagree
87,2023-10-19,18:48:05,http://taylor.org/tags/categorieshome.htm,Online_Predators,24,Page_Blocked,Image,Agree
70,2023-10-18,08:18:07,http://www.mclaughlin-davis.com/posts/tag/tagregister.php,Violence,56,Warning_Issued,Video,Disagree
553,2023-11-02,06:04:46,https://www.aguirre.com/category/app/tagabout.php,Violence,38,Page_Blocked,Image,Agree
473,2023-11-01,16:56:15,https://rivera.net/tagscategory.jsp,Hate_Speech,10,Page_Viewed,Video,Disagree
100,2023-11-02,03:39:45,https://griffith-hubbard.biz/tagprivacy.htm,Violence,56,Page_Viewed,Text,Agree
101,2023-11-05,03:00:37,http://www.brown-randall.com/posts/searchindex.jsp,Online_Predators,15,Content_Filtered,Text,Agree
67,2023-11-04,18:31:13,http://www.diaz-bryan.com/list/app/applogin.php,Violence,21,Page_Viewed,Image,Agree
231,2023-10-25,19:59:39,https://lane.org/wp-contentsearch.php,Online_Predators,58,Page_Blocked,Text,Disagree
567,2023-11-07,07:51:28,http://campbell-wallace.com/tags/blog/searchauthor.php,Hate_Speech,7,Page_Viewed,Text,Agree
495,2023-10-25,05:49:42,https://www.hill.org/blog/posts/explorelogin.htm,Online_Predators,12,Page_Blocked,Image,Disagree
599,2023-11-09,06:35:51,http://www.wright-pham.com/categoriesprivacy.asp,Online_Predators,58,Page_Viewed,Text,Agree
427,2023-10-25,07:59:52,http://martinez.com/appregister.php,Violence,31,Content_Filtered,Image,Disagree
424,2023-10-30,14:09:00,http://www.strickland-garcia.com/taghomepage.php,Violence,34,Warning_Issued,Video,Agree
283,2023-10-15,03:12:33,http://www.brown.net/main/app/tagterms.php,Adult,32,Page_Blocked,Image,Disagree
391,2023-11-11,19:15:33,https://www.dixon-alvarado.biz/tagsmain.html,Hate_Speech,43,Content_Filtered,Image,Agree
204,2023-11-02,07:45:26,http://rice.com/tag/mainabout.html,Hate_Speech,58,Warning_Issued,Image,Agree
361,2023-11-01,19:40:11,https://graham-taylor.org/wp-contentfaq.html,Adult,18,Page_Blocked,Video,Disagree
303,2023-10-19,05:58:25,https://www.caldwell.info/explore/blog/listauthor.html,Discrimination,11,Page_Blocked,Video,Disagree
597,2023-11-03,08:20:09,https://jones.biz/app/searchmain.php,Adult,32,Content_Filtered,Text,Agree
460,2023-11-05,03:21:18,http://www.carter.com/exploreindex.jsp,Hate_Speech,7,Warning_Issued,Image,Agree
213,2023-10-16,14:30:03,http://www.gilbert-jones.com/categories/wp-contentlogin.asp,Hate_Speech,6,Content_Filtered,Text,Agree
132,2023-11-07,08:41:51,http://neal-gray.com/wp-content/main/searchpost.htm,Discrimination,59,Content_Filtered,Video,Agree
332,2023-11-09,02:44:05,https://www.sparks-goodman.com/categories/explore/blogmain.html,Hate_Speech,19,Page_Viewed,Image,Disagree
518,2023-10-30,07:14:54,https://bates.info/categoriesauthor.jsp,Hate_Speech,57,Page_Viewed,Image,Agree
526,2023-10-16,21:02:47,https://patterson-ruiz.com/tag/wp-contentmain.php,Online_Predators,32,Page_Viewed,Image,Agree
155,2023-11-05,05:42:07,https://www.cook.com/apphomepage.html,Online_Predators,6,Page_Blocked,Text,Disagree
222,2023-10-20,15:35:42,http://www.woodward.info/categoriesauthor.php,Violence,46,Page_Viewed,Image,Disagree
197,2023-10-27,04:56:58,http://www.williams.com/exploreprivacy.asp,Violence,48,Content_Filtered,Image,Disagree
152,2023-10-29,03:58:23,https://www.walsh-harris.net/postsindex.htm,Violence,34,Content_Filtered,Video,Agree
580,2023-10-30,01:26:28,https://www.gonzalez-robinson.com/search/categories/wp-contentindex.html,Adult,3,Page_Blocked,Image,Disagree
38,2023-11-02,01:53:37,http://walters.com/posts/wp-content/blogauthor.htm,Adult,25,Content_Filtered,Text,Disagree
585,2023-11-10,10:33:37,https://www.williams.com/tags/tag/wp-contenthome.asp,Violence,46,Warning_Issued,Text,Disagree
92,2023-11-11,19:55:12,https://www.clark-long.com/blog/exploresearch.html,Adult,1,Page_Viewed,Image,Agree
435,2023-10-17,03:07:54,http://www.white-gould.info/wp-content/category/blogterms.html,Online_Predators,17,Warning_Issued,Image,Disagree
448,2023-10-16,20:01:26,https://lopez.biz/category/blogprivacy.html,Adult,18,Page_Viewed,Text,Agree
260,2023-10-21,11:31:02,https://www.jones.com/bloglogin.asp,Hate_Speech,55,Page_Viewed,Video,Disagree
508,2023-11-02,07:52:35,https://hatfield-jackson.com/tagcategory.html,Adult,24,Page_Blocked,Video,Disagree
374,2023-11-09,07:53:09,https://www.washington.com/tag/categoriesterms.html,Adult,46,Page_Viewed,Text,Disagree
273,2023-11-13,22:47:22,http://www.gillespie-torres.org/categorycategory.html,Online_Predators,15,Page_Viewed,Text,Agree
243,2023-11-07,08:04:30,https://www.jennings-campbell.com/tags/blog/categoriesauthor.html,Discrimination,19,Warning_Issued,Text,Agree
569,2023-10-27,15:12:14,http://graham-watson.org/blog/category/appprivacy.asp,Violence,4,Warning_Issued,Image,Disagree
372,2023-10-22,11:46:37,https://hunt.com/blog/category/postssearch.htm,Discrimination,38,Content_Filtered,Video,Agree
147,2023-10-29,20:27:19,http://valenzuela.net/categoriesindex.htm,Adult,29,Warning_Issued,Text,Disagree
513,2023-11-10,00:10:19,https://www.doyle.biz/postslogin.html,Adult,6,Warning_Issued,Image,Agree
260,2023-10-22,01:03:53,http://sparks.com/categorymain.html,Online_Predators,18,Page_Blocked,Video,Disagree
534,2023-11-03,02:33:34,http://lee.com/list/listterms.html,Adult,13,Page_Viewed,Video,Disagree
298,2023-10-23,14:42:53,http://barajas.net/main/blog/postsindex.html,Hate_Speech,12,Page_Blocked,Image,Agree
461,2023-11-02,03:05:31,http://www.nelson.com/explore/wp-contentabout.html,Hate_Speech,52,Page_Blocked,Text,Agree
444,2023-11-01,20:45:51,https://www.rodriguez.com/blogpost.htm,Discrimination,45,Page_Blocked,Image,Disagree
150,2023-10-25,21:13:14,http://fuller-petersen.info/wp-content/maincategory.html,Hate_Speech,35,Warning_Issued,Image,Disagree
381,2023-11-09,17:20:33,https://www.dean-moyer.com/category/mainindex.asp,Violence,40,Page_Blocked,Text,Disagree
268,2023-10-31,06:23:41,http://www.randall.com/wp-content/blog/taghomepage.jsp,Adult,42,Page_Blocked,Image,Disagree
368,2023-11-10,22:46:14,http://choi.com/wp-contentlogin.asp,Violence,58,Page_Blocked,Image,Agree
403,2023-10-17,11:43:40,http://www.edwards-gross.com/main/categories/blogterms.php,Discrimination,54,Page_Viewed,Video,Disagree
21,2023-11-05,09:47:09,http://osborne.com/explorehomepage.html,Violence,17,Warning_Issued,Image,Disagree
417,2023-11-13,18:05:38,https://martinez.com/search/appregister.html,Online_Predators,43,Warning_Issued,Text,Agree
520,2023-10-24,20:31:59,http://le.info/categoriessearch.htm,Adult,55,Page_Viewed,Image,Agree
211,2023-11-02,00:50:34,http://hernandez.biz/tags/main/postshome.jsp,Violence,59,Warning_Issued,Text,Disagree
449,2023-11-02,18:20:09,http://gonzalez-ray.net/explore/app/searchhome.html,Online_Predators,14,Page_Viewed,Text,Disagree
412,2023-10-30,10:47:41,http://murphy.net/category/list/appsearch.html,Violence,30,Page_Viewed,Video,Disagree
525,2023-10-21,00:45:44,http://perez.biz/explore/listfaq.jsp,Hate_Speech,25,Page_Viewed,Text,Disagree
191,2023-11-06,01:09:29,https://www.alexander-schaefer.com/blogsearch.html,Violence,34,Page_Viewed,Video,Agree
456,2023-10-24,11:18:19,http://morgan.org/tags/appauthor.php,Discrimination,19,Page_Viewed,Video,Agree
457,2023-11-12,23:59:46,https://barber-tucker.biz/search/tag/wp-contenthome.htm,Violence,5,Content_Filtered,Text,Disagree
531,2023-11-01,19:22:40,https://contreras.com/tag/searchregister.html,Hate_Speech,8,Warning_Issued,Image,Disagree
37,2023-10-17,12:49:54,http://www.peters.net/listregister.html,Discrimination,33,Content_Filtered,Text,Disagree
76,2023-11-09,11:24:04,http://www.haney-mcdaniel.info/categoryauthor.htm,Discrimination,40,Warning_Issued,Image,Agree
520,2023-10-17,05:30:42,https://www.perkins-henry.com/category/categories/blogabout.jsp,Discrimination,1,Content_Filtered,Video,Agree
316,2023-11-09,03:30:37,https://www.wright.info/categoriesmain.htm,Hate_Speech,25,Content_Filtered,Video,Agree
512,2023-10-24,15:05:35,https://www.mcclain-schultz.com/app/blog/explorehomepage.html,Hate_Speech,60,Content_Filtered,Video,Agree
152,2023-10-19,23:34:46,http://www.noble.com/main/explore/categoriespost.jsp,Discrimination,45,Page_Viewed,Video,Agree
525,2023-10-27,17:41:08,http://monroe.net/explore/mainprivacy.asp,Online_Predators,33,Warning_Issued,Text,Agree
393,2023-10-23,07:58:03,http://odom.com/list/mainprivacy.html,Online_Predators,28,Page_Viewed,Video,Agree
501,2023-11-11,09:49:42,http://www.smith-williams.com/category/searchauthor.asp,Violence,8,Warning_Issued,Image,Agree
449,2023-11-08,06:37:50,http://www.murray-king.com/list/blog/tagsmain.htm,Discrimination,60,Page_Viewed,Image,Disagree
560,2023-10-21,14:40:30,https://holmes-romero.biz/blog/exploreindex.asp,Online_Predators,42,Content_Filtered,Text,Agree
498,2023-10-28,22:42:20,https://www.fisher.com/tags/wp-contenthome.php,Adult,46,Content_Filtered,Video,Disagree
506,2023-11-07,23:19:53,https://www.smith.com/tag/category/appcategory.jsp,Online_Predators,29,Page_Blocked,Text,Disagree
289,2023-10-22,19:18:36,https://www.klein-walker.net/tag/apphome.html,Online_Predators,32,Content_Filtered,Text,Disagree
408,2023-10-17,07:30:51,https://www.murray.com/explore/category/appindex.asp,Adult,30,Page_Blocked,Image,Disagree
49,2023-11-10,03:27:23,http://www.mueller.com/list/appsearch.php,Hate_Speech,4,Warning_Issued,Video,Agree
253,2023-10-31,13:03:40,http://www.potts.com/explore/search/wp-contentprivacy.html,Discrimination,32,Page_Blocked,Image,Disagree
456,2023-11-09,19:30:01,http://nguyen.biz/searchprivacy.jsp,Adult,27,Page_Blocked,Video,Agree
30,2023-11-01,00:36:31,http://bishop.com/blog/postsabout.php,Hate_Speech,45,Content_Filtered,Video,Disagree
1,2023-10-22,21:53:31,https://www.vang.com/tagsindex.html,Adult,35,Page_Viewed,Image,Agree
466,2023-11-03,16:00:28,http://barber-morris.org/blogfaq.php,Online_Predators,34,Warning_Issued,Text,Agree
107,2023-10-29,06:29:51,https://richmond.com/categories/wp-content/exploreterms.php,Violence,59,Page_Blocked,Image,Disagree
560,2023-10-27,14:19:05,https://www.zimmerman.com/categorieshomepage.html,Discrimination,24,Page_Viewed,Text,Disagree
214,2023-11-08,08:02:43,http://www.farmer-anderson.biz/explore/list/wp-contentsearch.html,Online_Predators,19,Content_Filtered,Image,Disagree
589,2023-11-04,17:21:19,http://www.thompson-douglas.com/posts/main/mainsearch.html,Online_Predators,51,Warning_Issued,Text,Disagree
164,2023-10-22,03:59:33,http://rogers.com/category/search/searchterms.html,Hate_Speech,4,Warning_Issued,Video,Disagree
323,2023-10-25,03:41:17,http://armstrong.com/posts/blog/taghome.jsp,Hate_Speech,14,Warning_Issued,Video,Disagree
318,2023-11-09,04:15:24,https://duke.com/wp-contentfaq.php,Violence,57,Content_Filtered,Text,Disagree
345,2023-11-05,19:34:04,http://www.meyer.info/tag/tags/postshomepage.jsp,Adult,35,Content_Filtered,Image,Agree
81,2023-11-09,14:02:59,http://www.newton.biz/tag/postsmain.jsp,Adult,30,Content_Filtered,Video,Disagree
336,2023-10-28,16:04:18,http://www.diaz.com/searchfaq.php,Discrimination,16,Content_Filtered,Video,Agree
427,2023-11-12,04:33:13,https://www.murphy.com/tags/category/tagshome.asp,Hate_Speech,58,Page_Blocked,Text,Disagree
250,2023-11-03,06:02:57,http://www.harmon-collins.com/tag/blogterms.jsp,Discrimination,3,Warning_Issued,Image,Disagree
252,2023-11-07,16:08:09,http://english.com/list/main/postshome.php,Discrimination,59,Page_Blocked,Video,Disagree
534,2023-11-10,14:31:08,http://garcia.biz/category/wp-contentlogin.htm,Hate_Speech,36,Content_Filtered,Video,Agree
324,2023-10-21,21:37:25,http://www.jones.net/tag/tags/exploreindex.htm,Online_Predators,36,Page_Viewed,Video,Agree
492,2023-11-10,02:03:54,http://williams.com/app/posts/searchcategory.php,Violence,8,Warning_Issued,Video,Disagree
362,2023-11-13,14:39:39,http://berg-dean.org/blogcategory.html,Violence,3,Content_Filtered,Text,Disagree
217,2023-11-09,20:30:41,https://dunn.com/app/categories/categorypost.html,Online_Predators,20,Warning_Issued,Image,Disagree
222,2023-10-30,19:11:24,https://www.gibson-gonzalez.info/explore/blog/mainauthor.php,Hate_Speech,24,Content_Filtered,Video,Disagree
411,2023-10-30,00:25:42,https://rios-harris.com/tagcategory.htm,Violence,51,Page_Viewed,Text,Disagree
118,2023-10-31,19:18:06,https://jenkins.com/list/exploremain.php,Discrimination,43,Content_Filtered,Text,Disagree
123,2023-11-12,20:08:35,http://carter.info/exploreprivacy.html,Violence,56,Page_Blocked,Video,Disagree
183,2023-10-18,11:33:40,https://kelly-martin.com/category/categoriessearch.php,Discrimination,57,Page_Blocked,Image,Agree
241,2023-11-13,01:13:44,https://www.vega.com/list/tags/mainmain.php,Discrimination,14,Page_Viewed,Image,Agree
164,2023-11-09,03:37:12,http://www.estrada-allen.org/wp-content/searchfaq.html,Violence,33,Page_Viewed,Video,Disagree
328,2023-11-05,10:39:05,https://miller-baker.com/postshomepage.html,Violence,18,Page_Blocked,Image,Disagree
115,2023-11-06,08:32:49,https://sims.net/search/listabout.htm,Violence,38,Content_Filtered,Image,Agree
6,2023-10-22,19:07:08,http://harris.com/posts/tag/categorycategory.htm,Adult,39,Page_Viewed,Text,Agree
519,2023-10-17,16:19:51,http://www.gray-peters.info/tag/taglogin.jsp,Violence,17,Page_Viewed,Video,Disagree
157,2023-11-08,17:40:37,https://gardner.info/categories/categories/appmain.php,Hate_Speech,41,Content_Filtered,Text,Disagree
305,2023-10-21,18:33:58,http://burns.com/tagsauthor.jsp,Hate_Speech,53,Content_Filtered,Image,Disagree
481,2023-11-02,03:57:59,https://mendoza.biz/search/mainfaq.jsp,Discrimination,38,Page_Viewed,Image,Agree
553,2023-11-12,22:53:57,https://shelton.com/tag/tagmain.jsp,Adult,41,Warning_Issued,Image,Agree
337,2023-10-16,09:52:02,http://www.wyatt.info/appsearch.php,Violence,49,Page_Viewed,Video,Disagree
535,2023-10-31,13:07:48,https://www.bruce.com/tags/searchfaq.htm,Violence,45,Page_Blocked,Text,Agree
7,2023-11-04,07:27:26,http://www.webb.com/applogin.htm,Violence,36,Content_Filtered,Video,Disagree
430,2023-11-09,03:47:04,https://duran.com/posts/postssearch.htm,Online_Predators,30,Page_Blocked,Video,Disagree
290,2023-11-12,23:24:41,http://www.baker.net/tag/blog/searchmain.jsp,Hate_Speech,11,Page_Blocked,Video,Agree
319,2023-10-27,09:01:25,http://preston.com/blogprivacy.asp,Adult,34,Page_Blocked,Text,Agree
241,2023-10-15,05:04:09,http://www.brown-patton.com/explore/appterms.html,Discrimination,33,Page_Viewed,Video,Agree
129,2023-10-30,18:01:21,https://www.willis.com/tag/blog/categoryfaq.php,Discrimination,4,Page_Viewed,Video,Agree
181,2023-10-22,17:26:09,http://andrews-powers.biz/list/explorehomepage.jsp,Adult,47,Content_Filtered,Image,Agree
483,2023-11-03,22:55:56,http://www.ramirez.biz/blog/explore/tagspost.htm,Hate_Speech,44,Page_Viewed,Image,Disagree
205,2023-10-24,17:07:48,https://www.robinson.com/tags/listmain.htm,Hate_Speech,18,Warning_Issued,Text,Agree
496,2023-10-29,05:29:48,https://lee-cruz.com/explorecategory.htm,Hate_Speech,3,Content_Filtered,Text,Agree
323,2023-10-24,00:14:43,https://www.yates.info/category/search/tagsprivacy.html,Adult,6,Page_Blocked,Video,Disagree
567,2023-10-16,12:58:32,https://padilla.com/postslogin.html,Discrimination,21,Page_Blocked,Video,Disagree
90,2023-11-06,13:37:06,https://gonzalez.com/category/category/categoryhomepage.htm,Hate_Speech,48,Page_Viewed,Text,Agree
548,2023-10-15,09:45:14,http://williams.com/category/tagabout.html,Discrimination,10,Page_Blocked,Video,Agree
455,2023-10-18,13:31:14,https://www.hunter.com/mainprivacy.html,Online_Predators,57,Content_Filtered,Video,Disagree
428,2023-11-04,12:45:22,https://www.ramos.com/app/categoryprivacy.html,Adult,53,Content_Filtered,Text,Disagree
349,2023-10-30,17:49:59,https://hood-taylor.com/list/categories/apppost.php,Adult,43,Page_Blocked,Text,Agree
343,2023-10-28,08:12:07,https://fitzgerald-reeves.com/postscategory.html,Hate_Speech,57,Page_Blocked,Image,Agree
287,2023-11-06,00:47:48,https://www.wells.com/tagsprivacy.htm,Online_Predators,23,Page_Viewed,Image,Agree
320,2023-10-24,10:21:56,https://www.castro-obrien.info/tagshomepage.php,Hate_Speech,28,Page_Blocked,Image,Disagree
394,2023-10-25,14:27:23,https://www.valencia-williams.com/postshome.htm,Violence,36,Page_Blocked,Image,Agree
200,2023-10-29,16:58:24,https://vasquez.com/blogsearch.jsp,Hate_Speech,24,Page_Viewed,Video,Disagree
371,2023-11-06,23:06:35,https://oconnell-green.info/app/wp-contentregister.php,Violence,26,Page_Viewed,Text,Disagree
429,2023-10-24,19:34:56,http://www.davis-fowler.com/category/categories/exploreabout.htm,Adult,10,Warning_Issued,Image,Agree
406,2023-11-01,15:38:42,http://www.lynch-torres.info/searchmain.htm,Online_Predators,46,Page_Blocked,Text,Agree
334,2023-11-08,01:59:42,http://wallace.biz/posts/tags/blogauthor.php,Violence,2,Page_Viewed,Text,Disagree
592,2023-10-31,20:29:14,http://www.haas-martin.com/tagcategory.html,Violence,40,Warning_Issued,Image,Disagree
246,2023-11-02,17:32:32,https://kelley.com/categoriesregister.php,Adult,7,Page_Viewed,Video,Disagree
242,2023-10-28,04:42:59,https://www.walker.com/tags/mainpost.html,Violence,17,Warning_Issued,Text,Agree
434,2023-11-05,04:11:02,http://ryan.info/posts/search/appsearch.jsp,Adult,58,Page_Blocked,Image,Disagree
517,2023-10-29,08:11:22,http://jacobs.biz/wp-contentpost.htm,Violence,8,Content_Filtered,Text,Disagree
548,2023-11-03,16:13:41,https://www.thompson-hale.net/explore/search/listterms.php,Adult,54,Page_Blocked,Text,Disagree
358,2023-10-17,14:44:10,https://www.taylor.com/app/main/tagregister.html,Online_Predators,18,Warning_Issued,Image,Disagree
71,2023-10-20,20:12:55,http://www.scott.info/list/tag/explorehomepage.htm,Violence,36,Page_Viewed,Image,Agree
356,2023-11-13,04:38:31,http://washington-cook.biz/explorefaq.htm,Violence,53,Page_Blocked,Text,Disagree
548,2023-11-13,05:21:50,http://www.sanchez.com/tagsterms.jsp,Violence,32,Warning_Issued,Video,Agree
501,2023-10-15,03:34:13,http://www.moore-hall.com/app/categoryfaq.asp,Hate_Speech,58,Page_Blocked,Image,Disagree
357,2023-11-03,23:42:05,http://www.jones.com/explore/blog/explorepost.htm,Adult,54,Page_Blocked,Video,Agree
54,2023-11-11,21:12:22,http://www.gomez.org/appregister.php,Online_Predators,45,Warning_Issued,Video,Agree
453,2023-11-13,18:14:34,http://www.sexton.org/tagsfaq.php,Online_Predators,56,Content_Filtered,Video,Agree
292,2023-10-27,05:40:29,http://keller.com/app/tagsterms.php,Hate_Speech,24,Page_Viewed,Text,Disagree
509,2023-10-21,08:23:42,https://www.santiago.org/mainauthor.htm,Adult,40,Content_Filtered,Image,Disagree
346,2023-11-04,14:24:22,https://arnold.info/mainindex.html,Hate_Speech,36,Page_Blocked,Text,Agree
466,2023-11-02,06:36:59,https://www.thomas.org/list/app/bloghomepage.htm,Adult,18,Warning_Issued,Image,Agree
77,2023-11-09,09:04:33,https://campbell.info/explorefaq.php,Online_Predators,28,Warning_Issued,Image,Agree
305,2023-11-12,03:36:33,http://garrett-mckinney.com/mainhome.html,Online_Predators,24,Page_Blocked,Image,Agree
536,2023-10-21,07:39:08,https://www.mathews.com/tag/tags/wp-contentfaq.html,Discrimination,54,Page_Blocked,Text,Agree
413,2023-10-18,01:41:49,https://ayala.com/category/category/postsfaq.htm,Hate_Speech,23,Content_Filtered,Image,Agree
466,2023-10-25,19:22:08,https://www.castaneda.com/category/blog/categoriesauthor.html,Adult,22,Page_Blocked,Video,Disagree
314,2023-11-09,11:31:05,https://frazier-jones.com/appfaq.php,Violence,18,Content_Filtered,Image,Agree
423,2023-10-28,07:33:56,https://morgan.com/tag/tagshomepage.jsp,Adult,6,Page_Blocked,Text,Disagree
347,2023-11-11,20:58:35,https://www.osborne.com/exploresearch.php,Hate_Speech,44,Page_Blocked,Image,Agree
274,2023-10-26,22:05:35,http://www.clark-peck.info/categories/blogindex.php,Discrimination,27,Warning_Issued,Text,Disagree
309,2023-10-24,14:06:40,http://www.ross-snyder.com/blogregister.htm,Discrimination,43,Page_Viewed,Video,Disagree
77,2023-10-19,04:40:34,http://www.cruz.com/categories/wp-content/postsabout.php,Hate_Speech,53,Page_Viewed,Video,Agree
49,2023-10-21,10:14:16,https://www.matthews.com/tags/explore/appmain.asp,Hate_Speech,32,Page_Blocked,Text,Disagree
424,2023-10-24,21:12:02,http://mullen-fuentes.org/blog/postslogin.html,Online_Predators,17,Content_Filtered,Image,Disagree
106,2023-10-15,06:33:08,http://www.ramos.com/listcategory.html,Discrimination,8,Warning_Issued,Image,Agree
446,2023-10-26,14:07:05,https://www.gordon.com/tagsregister.php,Adult,17,Page_Blocked,Video,Agree
286,2023-10-16,19:05:58,http://www.silva.net/wp-contenthome.htm,Online_Predators,20,Page_Viewed,Image,Agree
393,2023-11-08,06:11:32,http://www.kline-espinoza.org/wp-content/blog/categoriesauthor.htm,Adult,38,Warning_Issued,Video,Agree
374,2023-11-01,11:08:19,https://robbins.com/list/categories/blogmain.php,Violence,40,Content_Filtered,Image,Disagree
173,2023-10-30,02:39:06,https://page-snyder.com/app/posts/wp-contentregister.php,Online_Predators,12,Page_Blocked,Text,Agree
179,2023-10-26,18:00:33,https://www.mckenzie.com/categories/categories/categorypost.html,Hate_Speech,24,Warning_Issued,Text,Disagree
573,2023-11-06,11:22:00,https://www.singleton.com/categoryregister.htm,Violence,12,Page_Viewed,Video,Disagree
138,2023-10-19,18:48:41,https://hanson-avila.com/main/appterms.html,Violence,7,Page_Blocked,Video,Agree
44,2023-11-11,08:27:29,https://ellis-watson.com/search/posts/wp-contentabout.html,Hate_Speech,10,Page_Viewed,Text,Agree
375,2023-10-28,21:23:07,http://nunez-thompson.com/tagspost.asp,Discrimination,39,Page_Viewed,Video,Disagree
128,2023-11-03,08:28:09,https://www.lewis.com/appauthor.htm,Violence,53,Warning_Issued,Video,Disagree
526,2023-11-09,13:33:11,https://donovan.com/posts/mainmain.html,Adult,29,Warning_Issued,Image,Agree
215,2023-10-19,05:33:39,https://www.whitney.com/search/listterms.htm,Discrimination,23,Content_Filtered,Video,Agree
351,2023-11-02,23:57:06,http://www.joseph.com/explore/apppost.php,Adult,40,Warning_Issued,Image,Agree
23,2023-10-24,16:07:08,https://phillips.biz/categoriesindex.htm,Online_Predators,59,Page_Viewed,Text,Agree
491,2023-10-26,10:40:26,http://www.wagner.biz/categories/category/exploreabout.asp,Hate_Speech,60,Page_Viewed,Image,Disagree
507,2023-10-24,04:42:08,http://wright.com/main/tagindex.php,Violence,17,Warning_Issued,Image,Disagree
548,2023-11-02,16:59:54,http://hogan.com/categoriessearch.asp,Online_Predators,19,Content_Filtered,Video,Disagree
261,2023-10-27,16:43:06,http://munoz.com/wp-contentindex.php,Discrimination,20,Page_Viewed,Video,Disagree
289,2023-11-07,06:38:01,https://www.davis.com/search/app/categoryterms.asp,Violence,25,Page_Viewed,Text,Disagree
99,2023-11-02,08:47:12,https://davenport.com/app/appindex.asp,Adult,9,Content_Filtered,Video,Disagree
36,2023-11-07,02:55:17,http://www.fisher.org/postshomepage.php,Discrimination,3,Content_Filtered,Image,Agree
498,2023-11-03,21:56:13,https://www.patterson.com/tag/tags/listterms.html,Discrimination,39,Content_Filtered,Image,Agree
570,2023-10-27,15:17:53,http://silva.com/search/search/tagprivacy.htm,Discrimination,56,Warning_Issued,Text,Agree
497,2023-10-19,01:30:16,https://www.ray-lee.com/categories/exploremain.html,Adult,50,Page_Blocked,Image,Disagree
254,2023-10-17,21:50:28,http://www.mann-green.com/tagscategory.html,Violence,32,Page_Viewed,Image,Agree
372,2023-10-18,20:01:57,https://www.clarke.com/postsprivacy.jsp,Violence,4,Page_Blocked,Image,Disagree
449,2023-11-02,23:56:09,https://www.morgan-thomas.org/blogsearch.php,Discrimination,39,Page_Viewed,Text,Agree
382,2023-10-21,08:39:10,http://www.lamb-bailey.com/list/app/appfaq.htm,Online_Predators,2,Warning_Issued,Video,Agree
547,2023-10-23,19:24:07,https://www.randolph.com/app/listfaq.php,Online_Predators,19,Page_Viewed,Image,Agree
297,2023-10-18,13:02:42,http://www.gutierrez.com/posts/wp-contentmain.asp,Adult,59,Content_Filtered,Image,Agree
328,2023-10-19,02:46:10,https://www.johnson.com/appsearch.html,Violence,27,Page_Viewed,Text,Agree
200,2023-10-29,10:58:26,https://www.gordon.com/wp-content/tags/listsearch.jsp,Violence,43,Page_Viewed,Video,Agree
530,2023-10-16,05:56:53,http://cantrell-kirk.com/explore/tagsabout.htm,Online_Predators,7,Page_Blocked,Image,Disagree
55,2023-10-16,05:45:32,http://www.thompson.net/wp-contentregister.html,Violence,13,Page_Blocked,Video,Disagree
54,2023-10-30,09:14:22,http://www.reilly.info/search/tags/appindex.htm,Discrimination,2,Warning_Issued,Text,Agree
358,2023-11-04,05:29:53,http://www.potter.biz/posts/mainprivacy.htm,Online_Predators,3,Content_Filtered,Text,Disagree
327,2023-11-12,11:15:40,https://www.collins.info/explore/list/tagscategory.php,Adult,20,Page_Viewed,Video,Agree
250,2023-11-04,04:43:57,http://stewart.com/tagcategory.html,Hate_Speech,10,Warning_Issued,Text,Agree
62,2023-10-24,00:30:41,http://www.jones.com/main/searchcategory.html,Discrimination,21,Content_Filtered,Video,Agree
33,2023-11-01,04:02:08,https://www.medina-brown.com/searchcategory.php,Violence,1,Content_Filtered,Image,Disagree
176,2023-11-08,03:25:48,https://spence.com/postshome.htm,Adult,56,Page_Blocked,Text,Agree
318,2023-10-23,01:25:49,http://mcneil-gutierrez.com/category/poststerms.jsp,Online_Predators,52,Warning_Issued,Video,Disagree
294,2023-11-08,02:13:28,http://harrington.com/category/category/wp-contentterms.asp,Discrimination,26,Content_Filtered,Text,Agree
38,2023-10-30,14:11:00,http://kim.biz/search/posts/mainregister.php,Adult,6,Content_Filtered,Text,Agree
93,2023-11-02,14:03:28,http://www.delgado.com/blog/tagsmain.html,Violence,17,Content_Filtered,Video,Disagree
471,2023-10-16,19:12:20,https://www.mcdonald-reyes.info/app/category/categoriesfaq.htm,Hate_Speech,34,Content_Filtered,Text,Agree
322,2023-10-20,05:56:27,https://gould.net/explore/blog/categoriesabout.htm,Adult,15,Content_Filtered,Video,Disagree
142,2023-10-28,08:54:45,http://cook.com/list/appsearch.htm,Adult,5,Content_Filtered,Text,Agree
379,2023-10-26,07:36:12,http://wilson.biz/searchmain.htm,Hate_Speech,54,Warning_Issued,Video,Disagree
328,2023-10-30,11:37:31,http://www.walter.com/search/tag/explorefaq.jsp,Hate_Speech,48,Content_Filtered,Image,Disagree
487,2023-10-23,02:33:14,http://www.perry.info/wp-content/tag/searchhome.html,Discrimination,22,Warning_Issued,Text,Agree
499,2023-10-27,01:30:36,https://www.morales.com/category/explore/listindex.html,Hate_Speech,33,Page_Viewed,Text,Disagree
342,2023-10-17,15:36:17,http://www.ortega.com/category/explore/appindex.html,Violence,14,Warning_Issued,Video,Agree
566,2023-10-25,02:33:52,http://www.miller.com/categories/main/searchfaq.php,Violence,9,Warning_Issued,Text,Agree
474,2023-11-13,17:07:39,https://www.smith-mason.com/categorieshomepage.html,Adult,53,Page_Viewed,Video,Agree
57,2023-10-20,18:56:11,http://blackwell.biz/posts/tagshomepage.php,Online_Predators,23,Page_Viewed,Image,Disagree
215,2023-11-09,16:54:18,http://www.allen-bowman.com/wp-content/category/blogregister.jsp,Discrimination,6,Content_Filtered,Image,Disagree
308,2023-11-01,19:07:39,https://www.hart-dennis.com/app/postsauthor.php,Online_Predators,60,Warning_Issued,Text,Agree
505,2023-10-23,13:14:31,https://perez-pruitt.com/tag/listmain.htm,Violence,9,Content_Filtered,Image,Disagree
227,2023-10-29,18:17:13,http://www.trevino-gutierrez.com/wp-contentauthor.jsp,Online_Predators,37,Content_Filtered,Image,Disagree
229,2023-11-07,13:10:27,https://dominguez.net/tags/mainprivacy.html,Hate_Speech,15,Content_Filtered,Text,Disagree
182,2023-10-26,21:23:43,https://green.com/posts/appprivacy.html,Adult,60,Content_Filtered,Video,Disagree
71,2023-11-01,21:24:01,http://haas.org/tag/tags/exploremain.jsp,Adult,9,Warning_Issued,Image,Disagree
489,2023-10-24,13:58:15,https://garcia-gomez.info/tagscategory.php,Hate_Speech,24,Warning_Issued,Image,Agree
105,2023-10-21,03:22:27,http://www.levy-carlson.com/tags/tagsterms.html,Hate_Speech,11,Page_Viewed,Video,Disagree
38,2023-11-10,22:10:05,http://ayala.com/appcategory.php,Discrimination,35,Content_Filtered,Text,Agree
245,2023-10-31,08:22:37,https://carter.com/search/tagprivacy.asp,Violence,47,Warning_Issued,Image,Disagree
193,2023-10-29,17:04:50,http://peterson.com/tags/tagmain.jsp,Violence,45,Content_Filtered,Image,Disagree
180,2023-11-04,14:55:17,https://booker.com/wp-content/appindex.htm,Adult,24,Page_Blocked,Video,Disagree
61,2023-10-20,03:22:09,https://www.mills.net/category/listhomepage.html,Online_Predators,3,Content_Filtered,Text,Agree
306,2023-10-29,15:05:37,https://www.acevedo.com/explore/searchterms.html,Adult,30,Page_Blocked,Text,Agree
578,2023-11-08,04:44:34,https://www.hartman.com/explore/categories/exploreauthor.htm,Violence,45,Page_Viewed,Image,Agree
295,2023-10-26,13:18:44,http://www.woods-small.org/tags/wp-content/searchpost.html,Online_Predators,42,Warning_Issued,Text,Disagree
576,2023-11-01,11:49:34,https://allen-adams.net/main/app/blogfaq.html,Violence,22,Page_Blocked,Video,Disagree
481,2023-11-01,22:11:49,https://www.figueroa.biz/tagmain.php,Adult,25,Warning_Issued,Video,Disagree
198,2023-10-23,20:58:06,http://brown.com/posts/tagmain.htm,Adult,44,Content_Filtered,Image,Agree
129,2023-10-31,18:50:45,https://www.johnson.com/search/mainterms.php,Violence,40,Content_Filtered,Video,Agree
435,2023-10-25,19:17:59,http://love.com/app/appregister.php,Online_Predators,48,Warning_Issued,Text,Agree
507,2023-11-10,03:57:03,https://myers.com/tag/searchterms.htm,Adult,17,Warning_Issued,Video,Agree
393,2023-10-22,02:29:47,https://williams-anderson.com/tagscategory.htm,Online_Predators,56,Content_Filtered,Text,Disagree
306,2023-10-20,05:28:35,https://olson.biz/blog/tagslogin.php,Discrimination,11,Warning_Issued,Video,Disagree
35,2023-10-16,10:45:10,http://www.walker.net/tagshomepage.jsp,Online_Predators,25,Warning_Issued,Text,Disagree
163,2023-10-15,19:17:42,https://reed-stewart.info/categoriesabout.html,Violence,9,Page_Blocked,Image,Agree
259,2023-10-25,07:41:00,http://www.brooks.com/blogauthor.html,Discrimination,22,Page_Blocked,Image,Agree
327,2023-11-05,07:36:16,http://www.fisher.info/categoryindex.htm,Discrimination,39,Warning_Issued,Video,Agree
207,2023-11-07,16:50:44,http://www.bradford-mason.com/blog/wp-content/blogprivacy.html,Online_Predators,24,Page_Viewed,Image,Agree
197,2023-11-04,04:02:55,https://www.jones-harper.biz/explore/postsprivacy.html,Discrimination,42,Warning_Issued,Text,Disagree
356,2023-10-17,15:21:41,https://www.harmon.net/categories/categoryhome.php,Discrimination,31,Content_Filtered,Text,Disagree
340,2023-10-27,18:58:07,http://www.davis.info/blogabout.php,Adult,12,Page_Viewed,Text,Agree
294,2023-11-02,10:41:27,https://www.neal.net/explore/tagsprivacy.htm,Adult,60,Page_Viewed,Image,Agree
400,2023-11-03,20:29:01,http://perez.com/main/category/mainsearch.asp,Violence,46,Page_Viewed,Video,Agree
69,2023-11-03,10:58:54,https://www.hernandez-moore.info/app/explore/categoriesterms.htm,Adult,40,Page_Viewed,Text,Disagree
570,2023-11-05,21:44:17,http://molina.com/listmain.html,Adult,9,Page_Blocked,Video,Agree
506,2023-11-02,06:21:52,http://jensen.com/categories/searchauthor.jsp,Online_Predators,11,Warning_Issued,Text,Agree
596,2023-11-12,18:45:18,http://gentry.com/category/blogmain.htm,Violence,32,Page_Viewed,Video,Agree
36,2023-11-06,16:45:55,http://patterson.com/wp-content/wp-content/appterms.html,Discrimination,4,Content_Filtered,Text,Agree
226,2023-11-10,14:51:55,http://garcia.com/categoriessearch.asp,Violence,54,Page_Viewed,Image,Agree
233,2023-10-22,23:33:13,https://abbott.org/tagsregister.php,Adult,40,Page_Viewed,Text,Disagree
236,2023-10-25,20:59:00,https://griffin.com/category/listpost.php,Discrimination,48,Page_Blocked,Image,Agree
553,2023-11-03,22:08:45,http://www.gomez.info/categories/tagmain.html,Hate_Speech,59,Page_Blocked,Image,Agree
567,2023-10-25,22:34:40,https://www.hahn-walls.com/wp-content/wp-contentprivacy.php,Violence,31,Page_Viewed,Video,Agree
154,2023-10-22,00:54:49,https://www.marquez.com/categories/explore/explorefaq.jsp,Hate_Speech,9,Page_Blocked,Text,Agree
590,2023-11-07,08:37:06,http://riley-moran.com/posts/wp-content/explorecategory.asp,Online_Predators,18,Page_Viewed,Text,Agree
465,2023-11-12,05:49:52,https://vargas-berger.com/categories/categorysearch.jsp,Hate_Speech,32,Content_Filtered,Text,Agree
283,2023-10-27,06:59:25,https://www.cox.com/wp-content/mainabout.html,Online_Predators,27,Warning_Issued,Text,Disagree
265,2023-11-10,09:24:23,https://rose-smith.com/search/category/mainfaq.asp,Discrimination,55,Page_Viewed,Image,Disagree
342,2023-10-18,19:56:28,http://www.rodriguez.com/maincategory.php,Hate_Speech,44,Content_Filtered,Text,Disagree
69,2023-10-22,16:25:04,https://www.martinez.com/apphome.html,Violence,38,Content_Filtered,Image,Disagree
530,2023-10-18,04:39:14,http://www.choi.com/categories/posts/postsindex.htm,Discrimination,24,Content_Filtered,Text,Disagree
180,2023-10-19,00:08:20,http://www.nguyen-chambers.biz/blog/search/tagspost.php,Discrimination,8,Content_Filtered,Text,Disagree
141,2023-10-28,23:13:36,https://alexander.info/tags/listindex.asp,Discrimination,32,Page_Viewed,Text,Disagree
517,2023-11-05,20:33:46,http://www.figueroa-sanchez.com/applogin.htm,Violence,54,Content_Filtered,Video,Disagree
549,2023-11-02,21:15:25,http://www.calderon-fuller.info/tagsfaq.jsp,Online_Predators,35,Warning_Issued,Text,Disagree
371,2023-10-15,10:52:14,https://hoffman-burke.com/explore/categories/appabout.php,Discrimination,16,Page_Blocked,Text,Agree
473,2023-10-17,08:30:24,http://nicholson.net/tags/tagfaq.php,Discrimination,15,Page_Blocked,Text,Agree
467,2023-10-30,17:44:04,http://www.navarro.com/categoryregister.php,Online_Predators,59,Page_Blocked,Image,Agree
129,2023-11-01,16:27:51,https://www.ibarra-clarke.info/wp-contentprivacy.jsp,Hate_Speech,4,Content_Filtered,Text,Agree
196,2023-11-10,21:35:03,http://www.smith.com/wp-content/blog/exploreabout.html,Adult,58,Page_Viewed,Video,Disagree
289,2023-11-01,01:10:45,https://west.com/tags/exploresearch.htm,Violence,31,Warning_Issued,Image,Agree
251,2023-10-25,09:10:24,http://www.walker.biz/bloghomepage.jsp,Online_Predators,50,Content_Filtered,Video,Agree
199,2023-11-09,21:20:57,http://www.ortiz-young.biz/categories/explorehome.htm,Discrimination,58,Warning_Issued,Image,Agree
2,2023-11-05,01:29:27,https://ward.com/blog/categories/explorecategory.php,Violence,49,Page_Blocked,Video,Disagree
370,2023-10-28,01:35:58,https://tyler-hall.biz/tags/category/mainprivacy.htm,Online_Predators,19,Page_Viewed,Image,Disagree
170,2023-10-22,19:24:20,http://combs-watkins.com/listpost.htm,Online_Predators,32,Page_Blocked,Text,Disagree
176,2023-11-11,18:50:08,https://parker.com/blog/categorycategory.htm,Discrimination,44,Content_Filtered,Video,Agree
583,2023-11-05,22:57:29,https://www.wood-terry.com/categories/posts/tagsauthor.html,Hate_Speech,31,Page_Blocked,Text,Disagree
194,2023-10-24,08:14:27,http://www.turner-guzman.com/blog/listpost.php,Discrimination,11,Page_Viewed,Image,Disagree
43,2023-10-28,12:46:01,http://clark.com/app/categoryhome.htm,Violence,44,Content_Filtered,Image,Disagree
507,2023-10-26,23:00:53,http://www.lowe.com/list/wp-content/tagshome.php,Hate_Speech,33,Content_Filtered,Text,Agree
195,2023-10-30,23:51:01,http://www.pham.com/mainlogin.htm,Violence,39,Content_Filtered,Image,Agree
305,2023-10-25,00:10:18,https://www.vazquez-mccormick.biz/blogpost.jsp,Adult,18,Content_Filtered,Text,Disagree
235,2023-11-01,22:40:45,https://warner.com/list/categoriesmain.php,Hate_Speech,35,Warning_Issued,Video,Disagree
90,2023-10-16,09:00:48,http://www.diaz.com/wp-content/categorieslogin.php,Discrimination,1,Content_Filtered,Video,Agree
110,2023-11-08,11:21:15,http://www.maddox.org/category/postsmain.php,Violence,37,Page_Viewed,Text,Disagree
538,2023-10-31,08:36:00,http://www.galloway.info/appindex.html,Adult,58,Page_Viewed,Text,Disagree
458,2023-11-13,04:51:19,http://hall.org/blog/wp-content/wp-contentmain.php,Discrimination,28,Content_Filtered,Text,Agree
300,2023-10-24,23:05:09,http://www.becker-erickson.com/search/tags/blogabout.htm,Adult,47,Page_Viewed,Text,Agree
480,2023-10-29,13:15:43,https://www.lindsey.net/tags/list/categorieshomepage.php,Hate_Speech,43,Page_Blocked,Video,Disagree
492,2023-11-04,02:27:33,http://www.cabrera-wilson.com/list/listfaq.htm,Online_Predators,8,Warning_Issued,Image,Disagree
3,2023-10-30,11:00:46,https://www.blankenship.info/postsmain.html,Adult,40,Content_Filtered,Video,Disagree
247,2023-10-22,20:13:49,http://www.beck.com/tagshome.asp,Discrimination,57,Content_Filtered,Video,Disagree
217,2023-11-01,20:10:31,https://www.campbell.info/wp-contentmain.asp,Online_Predators,44,Content_Filtered,Text,Agree
490,2023-10-30,07:53:56,https://www.taylor.info/explorefaq.html,Discrimination,1,Warning_Issued,Video,Disagree
128,2023-11-04,21:02:45,http://wagner.biz/blog/mainprivacy.html,Discrimination,28,Content_Filtered,Image,Agree
523,2023-10-15,04:53:38,http://rosales-thomas.com/blog/search/tagshomepage.asp,Adult,19,Page_Blocked,Text,Agree
129,2023-10-22,07:36:42,https://paul-hughes.com/categories/posts/appcategory.html,Online_Predators,41,Content_Filtered,Video,Agree
123,2023-10-23,06:33:53,https://davidson.com/categories/wp-contentindex.html,Hate_Speech,33,Warning_Issued,Image,Agree
254,2023-11-03,20:55:34,http://www.riley.com/posts/blog/categoriespost.html,Adult,25,Page_Blocked,Image,Disagree
5,2023-10-16,06:20:51,http://ford-patterson.com/listauthor.asp,Violence,57,Warning_Issued,Text,Agree
219,2023-11-01,05:47:24,http://www.gross-estrada.biz/main/wp-content/exploreterms.html,Adult,31,Warning_Issued,Image,Agree
4,2023-10-22,04:00:26,https://wilson-sharp.com/list/list/categoryregister.htm,Violence,43,Page_Blocked,Text,Disagree
348,2023-10-18,16:32:24,https://wright-burns.com/main/blogpost.html,Hate_Speech,29,Page_Viewed,Video,Disagree
470,2023-10-28,00:04:06,https://sawyer.com/tag/searchindex.jsp,Discrimination,50,Warning_Issued,Text,Disagree
471,2023-11-03,22:04:48,http://taylor-martinez.com/explore/tag/postssearch.php,Hate_Speech,40,Content_Filtered,Image,Disagree
528,2023-10-15,05:39:17,https://spencer-barnett.com/categories/categoriesfaq.php,Discrimination,31,Warning_Issued,Image,Disagree
579,2023-10-19,12:19:06,http://henderson.biz/tag/explorehomepage.htm,Online_Predators,53,Content_Filtered,Text,Agree
536,2023-10-17,15:17:37,http://colon.com/wp-contenthome.htm,Online_Predators,43,Page_Viewed,Text,Disagree
527,2023-10-23,19:54:34,http://www.hudson.org/listterms.php,Hate_Speech,54,Page_Viewed,Text,Agree
380,2023-11-02,17:00:24,https://anderson.com/category/tag/bloghome.html,Violence,13,Page_Blocked,Video,Disagree
282,2023-10-23,04:49:19,https://collins.info/main/posts/blogterms.jsp,Discrimination,1,Page_Blocked,Image,Disagree
100,2023-10-26,16:05:20,https://www.zhang-washington.com/blog/postshome.htm,Adult,7,Content_Filtered,Text,Disagree
534,2023-11-11,13:32:09,http://www.murray-donovan.biz/main/search/tagindex.html,Hate_Speech,39,Page_Blocked,Video,Disagree
220,2023-10-16,00:33:40,http://www.paul-sanders.com/category/categoriespost.asp,Violence,5,Page_Blocked,Video,Disagree
303,2023-10-18,14:33:01,https://www.taylor.org/wp-content/blogauthor.html,Discrimination,6,Page_Viewed,Image,Agree
140,2023-11-13,04:00:06,https://lopez-ayers.com/explore/search/categoriesauthor.jsp,Adult,1,Page_Blocked,Image,Agree
469,2023-11-04,10:22:52,https://morgan.com/app/app/searchterms.asp,Online_Predators,37,Content_Filtered,Text,Disagree
426,2023-10-16,11:07:08,http://higgins.org/category/searchprivacy.htm,Discrimination,22,Page_Viewed,Video,Agree
496,2023-10-15,09:20:37,http://www.harper.org/category/blog/categorylogin.htm,Hate_Speech,48,Content_Filtered,Text,Disagree
397,2023-11-08,10:16:20,http://owens.biz/blog/list/searchsearch.php,Violence,3,Content_Filtered,Image,Agree
179,2023-10-27,06:00:34,http://www.rodriguez.com/list/category/categoriesauthor.html,Online_Predators,56,Content_Filtered,Text,Disagree
534,2023-10-28,13:57:29,https://summers-carney.com/blog/search/categoryterms.html,Adult,43,Warning_Issued,Image,Disagree
362,2023-11-04,23:00:00,https://shaw.net/wp-contentsearch.html,Discrimination,41,Page_Blocked,Video,Disagree
569,2023-11-05,15:29:15,https://aguilar-massey.com/exploresearch.htm,Online_Predators,43,Content_Filtered,Video,Disagree
249,2023-11-06,13:47:19,http://www.french-wagner.net/explore/search/tagsregister.htm,Adult,28,Page_Blocked,Image,Agree
223,2023-11-13,13:29:59,https://wiley-hayes.com/postsindex.html,Violence,50,Warning_Issued,Video,Agree
575,2023-10-31,16:24:54,https://www.nunez.biz/main/app/categoryregister.html,Hate_Speech,17,Page_Blocked,Video,Agree
132,2023-10-15,02:17:12,http://myers-singh.com/tag/searchauthor.htm,Online_Predators,53,Page_Blocked,Video,Agree
134,2023-11-08,16:30:32,http://www.anderson-watson.org/wp-content/appabout.asp,Violence,28,Page_Viewed,Image,Disagree
228,2023-11-13,21:16:25,http://www.murphy.biz/exploreindex.asp,Violence,50,Content_Filtered,Video,Agree
246,2023-11-12,18:01:58,http://mendoza.com/explore/main/postslogin.htm,Adult,23,Page_Viewed,Text,Agree
158,2023-11-01,13:56:29,http://www.allen.biz/tagsearch.php,Violence,21,Warning_Issued,Image,Agree
516,2023-10-27,10:05:54,https://fernandez.com/categoriesprivacy.jsp,Discrimination,44,Page_Viewed,Video,Disagree
501,2023-10-26,12:08:37,https://harrison-hernandez.com/wp-contentterms.htm,Adult,36,Page_Blocked,Video,Disagree
